-- PostgreSQL 더미 데이터 생성
-- 실행 순서대로 작성됨

-- 1. Users 테이블 (10명의 사용자)
INSERT INTO users (id, name, email, created_at, password, profile_image_url, role, locked) VALUES
                                                                                               ('a0eebc99-9c0b-4ef8-bb6d-6bb9bd380a11', '김철수', 'kim.cs@example.com', '2024-01-15 10:00:00', '$2a$10$abcdefghijklmnopqrstuv', 'https://example.com/profiles/kim.jpg', 'USER', false),
                                                                                               ('b1eebc99-9c0b-4ef8-bb6d-6bb9bd380a22', '이영희', 'lee.yh@example.com', '2024-01-20 11:00:00', '$2a$10$bcdefghijklmnopqrstuvw', 'https://example.com/profiles/lee.jpg', 'USER', false),
                                                                                               ('c2eebc99-9c0b-4ef8-bb6d-6bb9bd380a33', '박민수', 'park.ms@example.com', '2024-02-01 09:30:00', '$2a$10$cdefghijklmnopqrstuvwx', 'https://example.com/profiles/park.jpg', 'ADMIN', false),
                                                                                               ('d3eebc99-9c0b-4ef8-bb6d-6bb9bd380a44', '최지연', 'choi.jy@example.com', '2024-02-10 14:20:00', '$2a$10$defghijklmnopqrstuvwxy', 'https://example.com/profiles/choi.jpg', 'USER', false),
                                                                                               ('e4eebc99-9c0b-4ef8-bb6d-6bb9bd380a55', '정하늘', 'jung.hn@example.com', '2024-02-15 16:45:00', '$2a$10$efghijklmnopqrstuvwxyz', 'https://example.com/profiles/jung.jpg', 'USER', false),
                                                                                               ('f5eebc99-9c0b-4ef8-bb6d-6bb9bd380a66', '강서연', 'kang.sy@example.com', '2024-03-01 10:10:00', '$2a$10$fghijklmnopqrstuvwxyza', 'https://example.com/profiles/kang.jpg', 'USER', false),
                                                                                               ('a6eebc99-9c0b-4ef8-bb6d-6bb9bd380a77', '윤도현', 'yoon.dh@example.com', '2024-03-05 08:00:00', '$2a$10$ghijklmnopqrstuvwxyzab', NULL, 'USER', false),
                                                                                               ('b7eebc99-9c0b-4ef8-bb6d-6bb9bd380a88', '임수정', 'lim.sj@example.com', '2024-03-10 13:30:00', '$2a$10$hijklmnopqrstuvwxyzabc', 'https://example.com/profiles/lim.jpg', 'USER', false),
                                                                                               ('c8eebc99-9c0b-4ef8-bb6d-6bb9bd380a99', '송민호', 'song.mh@example.com', '2024-03-15 15:00:00', '$2a$10$ijklmnopqrstuvwxyzabcd', 'https://example.com/profiles/song.jpg', 'USER', true),
                                                                                               ('d9eebc99-9c0b-4ef8-bb6d-6bb9bd380aaa', '한지민', 'han.jm@example.com', '2024-03-20 09:00:00', '$2a$10$jklmnopqrstuvwxyzabcde', 'https://example.com/profiles/han.jpg', 'USER', false);

-- 2. Contents 테이블 (15개의 콘텐츠)
INSERT INTO contents (id, created_at, type, title, description, thumbnail_url, average_rating, review_count) VALUES
                                                                                                                 ('10000000-0000-0000-0000-000000000001', '2024-01-01 00:00:00', 'MOVIE', '인터스텔라', '우주를 배경으로 한 SF 대작', 'https://example.com/thumbs/interstellar.jpg', 4.5, 120),
                                                                                                                 ('10000000-0000-0000-0000-000000000002', '2024-01-02 00:00:00', 'MOVIE', '기생충', '계급 격차를 그린 스릴러', 'https://example.com/thumbs/parasite.jpg', 4.8, 250),
                                                                                                                 ('10000000-0000-0000-0000-000000000003', '2024-01-03 00:00:00', 'MUSIC', '블랙핑크 - Pink Venom', 'K-POP 히트곡', 'https://example.com/thumbs/pinkvenom.jpg', 4.3, 89),
                                                                                                                 ('10000000-0000-0000-0000-000000000004', '2024-01-04 00:00:00', 'MOVIE', '아바타: 물의 길', '판도라 행성의 새로운 모험', 'https://example.com/thumbs/avatar2.jpg', 4.2, 180),
                                                                                                                 ('10000000-0000-0000-0000-000000000005', '2024-01-05 00:00:00', 'BOOK', '1984', '조지 오웰의 디스토피아 소설', 'https://example.com/thumbs/1984.jpg', 4.7, 340),
                                                                                                                 ('10000000-0000-0000-0000-000000000006', '2024-01-06 00:00:00', 'MUSIC', 'NewJeans - OMG', '인기 K-POP 곡', 'https://example.com/thumbs/omg.jpg', 4.4, 95),
                                                                                                                 ('10000000-0000-0000-0000-000000000007', '2024-01-07 00:00:00', 'MOVIE', '탑건: 매버릭', '전투기 조종사의 귀환', 'https://example.com/thumbs/topgun.jpg', 4.6, 210),
                                                                                                                 ('10000000-0000-0000-0000-000000000008', '2024-01-08 00:00:00', 'BOOK', '해리포터와 마법사의 돌', 'J.K. 롤링의 판타지 소설', 'https://example.com/thumbs/hp1.jpg', 4.9, 450),
                                                                                                                 ('10000000-0000-0000-0000-000000000009', '2024-01-09 00:00:00', 'MUSIC', 'IU - Love wins all', '아이유 발라드곡', 'https://example.com/thumbs/lovewin.jpg', 4.7, 112),
                                                                                                                 ('10000000-0000-0000-0000-00000000000a', '2024-01-10 00:00:00', 'MOVIE', '범죄도시 3', '한국 액션 영화', 'https://example.com/thumbs/crime3.jpg', 4.1, 165),
                                                                                                                 ('10000000-0000-0000-0000-00000000000b', '2024-01-11 00:00:00', 'BOOK', '노르웨이의 숲', '무라카미 하루키 소설', 'https://example.com/thumbs/norway.jpg', 4.3, 280),
                                                                                                                 ('10000000-0000-0000-0000-00000000000c', '2024-01-12 00:00:00', 'MOVIE', '오펜하이머', '원자폭탄 개발 이야기', 'https://example.com/thumbs/oppenheimer.jpg', 4.5, 195),
                                                                                                                 ('10000000-0000-0000-0000-00000000000d', '2024-01-13 00:00:00', 'MUSIC', 'BTS - Dynamite', 'BTS 히트곡', 'https://example.com/thumbs/dynamite.jpg', 4.8, 320),
                                                                                                                 ('10000000-0000-0000-0000-00000000000e', '2024-01-14 00:00:00', 'MOVIE', '서울의 봄', '한국 현대사 드라마', 'https://example.com/thumbs/seoul.jpg', 4.6, 230),
                                                                                                                 ('10000000-0000-0000-0000-00000000000f', '2024-01-15 00:00:00', 'BOOK', '살인자의 기억법', '김영하 장편소설', 'https://example.com/thumbs/killer.jpg', 4.2, 175);

-- 3. Tags 테이블 (10개의 태그)
INSERT INTO tags (id, name, created_at) VALUES
                                            ('20000000-0000-0000-0000-000000000001', 'SF', '2024-01-01 00:00:00'),
                                            ('20000000-0000-0000-0000-000000000002', '액션', '2024-01-01 00:00:00'),
                                            ('20000000-0000-0000-0000-000000000003', '스릴러', '2024-01-01 00:00:00'),
                                            ('20000000-0000-0000-0000-000000000004', 'K-POP', '2024-01-01 00:00:00'),
                                            ('20000000-0000-0000-0000-000000000005', '판타지', '2024-01-01 00:00:00'),
                                            ('20000000-0000-0000-0000-000000000006', '드라마', '2024-01-01 00:00:00'),
                                            ('20000000-0000-0000-0000-000000000007', '발라드', '2024-01-01 00:00:00'),
                                            ('20000000-0000-0000-0000-000000000008', '고전', '2024-01-01 00:00:00'),
                                            ('20000000-0000-0000-0000-000000000009', '한국영화', '2024-01-01 00:00:00'),
                                            ('20000000-0000-0000-0000-00000000000a', '베스트셀러', '2024-01-01 00:00:00');

-- 4. Content_Tags 테이블 (콘텐츠-태그 관계)
INSERT INTO content_tags (id, content_id, tag_id, created_at) VALUES
                                                                  ('30000000-0000-0000-0000-000000000001', '10000000-0000-0000-0000-000000000001', '20000000-0000-0000-0000-000000000001', '2024-01-01 00:00:00'),
                                                                  ('30000000-0000-0000-0000-000000000002', '10000000-0000-0000-0000-000000000002', '20000000-0000-0000-0000-000000000003', '2024-01-02 00:00:00'),
                                                                  ('30000000-0000-0000-0000-000000000003', '10000000-0000-0000-0000-000000000002', '20000000-0000-0000-0000-000000000009', '2024-01-02 00:00:00'),
                                                                  ('30000000-0000-0000-0000-000000000004', '10000000-0000-0000-0000-000000000003', '20000000-0000-0000-0000-000000000004', '2024-01-03 00:00:00'),
                                                                  ('30000000-0000-0000-0000-000000000005', '10000000-0000-0000-0000-000000000004', '20000000-0000-0000-0000-000000000001', '2024-01-04 00:00:00'),
                                                                  ('30000000-0000-0000-0000-000000000006', '10000000-0000-0000-0000-000000000005', '20000000-0000-0000-0000-000000000008', '2024-01-05 00:00:00'),
                                                                  ('30000000-0000-0000-0000-000000000007', '10000000-0000-0000-0000-000000000006', '20000000-0000-0000-0000-000000000004', '2024-01-06 00:00:00'),
                                                                  ('30000000-0000-0000-0000-000000000008', '10000000-0000-0000-0000-000000000007', '20000000-0000-0000-0000-000000000002', '2024-01-07 00:00:00'),
                                                                  ('30000000-0000-0000-0000-000000000009', '10000000-0000-0000-0000-000000000008', '20000000-0000-0000-0000-000000000005', '2024-01-08 00:00:00'),
                                                                  ('30000000-0000-0000-0000-00000000000a', '10000000-0000-0000-0000-000000000008', '20000000-0000-0000-0000-00000000000a', '2024-01-08 00:00:00'),
                                                                  ('30000000-0000-0000-0000-00000000000b', '10000000-0000-0000-0000-000000000009', '20000000-0000-0000-0000-000000000007', '2024-01-09 00:00:00'),
                                                                  ('30000000-0000-0000-0000-00000000000c', '10000000-0000-0000-0000-00000000000a', '20000000-0000-0000-0000-000000000002', '2024-01-10 00:00:00'),
                                                                  ('30000000-0000-0000-0000-00000000000d', '10000000-0000-0000-0000-00000000000a', '20000000-0000-0000-0000-000000000009', '2024-01-10 00:00:00'),
                                                                  ('30000000-0000-0000-0000-00000000000e', '10000000-0000-0000-0000-00000000000c', '20000000-0000-0000-0000-000000000006', '2024-01-12 00:00:00'),
                                                                  ('30000000-0000-0000-0000-00000000000f', '10000000-0000-0000-0000-00000000000d', '20000000-0000-0000-0000-000000000004', '2024-01-13 00:00:00'),
                                                                  ('30000000-0000-0000-0000-000000000010', '10000000-0000-0000-0000-00000000000e', '20000000-0000-0000-0000-000000000009', '2024-01-14 00:00:00'),
                                                                  ('30000000-0000-0000-0000-000000000011', '10000000-0000-0000-0000-00000000000e', '20000000-0000-0000-0000-000000000006', '2024-01-14 00:00:00');

-- 5. Reviews 테이블 (20개의 리뷰)
INSERT INTO reviews (id, author_id, content_id, text, rating, created_at, updated_at) VALUES
                                                                                          ('40000000-0000-0000-0000-000000000001', 'a0eebc99-9c0b-4ef8-bb6d-6bb9bd380a11', '10000000-0000-0000-0000-000000000001', '정말 감동적인 영화였습니다. 우주의 장대함이 잘 표현되었어요.', 5.0, '2024-01-16 10:30:00', NULL),
                                                                                          ('40000000-0000-0000-0000-000000000002', 'b1eebc99-9c0b-4ef8-bb6d-6bb9bd380a22', '10000000-0000-0000-0000-000000000001', '과학적 고증이 훌륭합니다. 시간 여행 개념이 흥미로워요.', 4.5, '2024-01-17 14:20:00', NULL),
                                                                                          ('40000000-0000-0000-0000-000000000003', 'c2eebc99-9c0b-4ef8-bb6d-6bb9bd380a33', '10000000-0000-0000-0000-000000000002', '봉준호 감독의 역작. 사회 비판이 날카롭습니다.', 5.0, '2024-01-18 09:15:00', NULL),
                                                                                          ('40000000-0000-0000-0000-000000000004', 'd3eebc99-9c0b-4ef8-bb6d-6bb9bd380a44', '10000000-0000-0000-0000-000000000002', '연기가 정말 훌륭했어요. 긴장감이 넘칩니다.', 4.8, '2024-01-19 16:45:00', NULL),
                                                                                          ('40000000-0000-0000-0000-000000000005', 'e4eebc99-9c0b-4ef8-bb6d-6bb9bd380a55', '10000000-0000-0000-0000-000000000003', '중독성 있는 멜로디! 계속 듣게 돼요.', 4.0, '2024-01-20 11:00:00', NULL),
                                                                                          ('40000000-0000-0000-0000-000000000006', 'f5eebc99-9c0b-4ef8-bb6d-6bb9bd380a66', '10000000-0000-0000-0000-000000000004', '영상미는 좋은데 스토리가 약한 것 같아요.', 3.5, '2024-01-21 13:30:00', NULL),
                                                                                          ('40000000-0000-0000-0000-000000000007', 'a6eebc99-9c0b-4ef8-bb6d-6bb9bd380a77', '10000000-0000-0000-0000-000000000005', '시대를 초월한 고전. 꼭 읽어야 할 책입니다.', 5.0, '2024-01-22 08:20:00', NULL),
                                                                                          ('40000000-0000-0000-0000-000000000008', 'b7eebc99-9c0b-4ef8-bb6d-6bb9bd380a88', '10000000-0000-0000-0000-000000000006', '뉴진스 특유의 감성이 좋아요.', 4.5, '2024-01-23 15:40:00', NULL),
                                                                                          ('40000000-0000-0000-0000-000000000009', 'c8eebc99-9c0b-4ef8-bb6d-6bb9bd380a99', '10000000-0000-0000-0000-000000000007', '톰 크루즈의 액션 연기가 대단합니다!', 4.8, '2024-01-24 10:10:00', NULL),
                                                                                          ('40000000-0000-0000-0000-00000000000a', 'd9eebc99-9c0b-4ef8-bb6d-6bb9bd380aaa', '10000000-0000-0000-0000-000000000008', '어린 시절 읽었던 추억의 책. 다시 읽어도 재밌어요.', 5.0, '2024-01-25 12:30:00', NULL),
                                                                                          ('40000000-0000-0000-0000-00000000000b', 'a0eebc99-9c0b-4ef8-bb6d-6bb9bd380a11', '10000000-0000-0000-0000-000000000008', '마법의 세계가 생생하게 그려져요.', 4.9, '2024-01-26 09:00:00', NULL),
                                                                                          ('40000000-0000-0000-0000-00000000000c', 'b1eebc99-9c0b-4ef8-bb6d-6bb9bd380a22', '10000000-0000-0000-0000-000000000009', '아이유의 보컬이 돋보이는 곡입니다.', 4.7, '2024-01-27 14:15:00', NULL),
                                                                                          ('40000000-0000-0000-0000-00000000000d', 'c2eebc99-9c0b-4ef8-bb6d-6bb9bd380a33', '10000000-0000-0000-0000-00000000000a', '마동석 액션은 언제나 시원합니다.', 4.0, '2024-01-28 16:20:00', NULL),
                                                                                          ('40000000-0000-0000-0000-00000000000e', 'd3eebc99-9c0b-4ef8-bb6d-6bb9bd380a44', '10000000-0000-0000-0000-00000000000b', '하루키 특유의 감성이 묻어나요.', 4.3, '2024-01-29 11:45:00', NULL),
                                                                                          ('40000000-0000-0000-0000-00000000000f', 'e4eebc99-9c0b-4ef8-bb6d-6bb9bd380a55', '10000000-0000-0000-0000-00000000000c', '묵직한 주제를 잘 다뤘습니다.', 4.6, '2024-01-30 13:00:00', NULL),
                                                                                          ('40000000-0000-0000-0000-000000000010', 'f5eebc99-9c0b-4ef8-bb6d-6bb9bd380a66', '10000000-0000-0000-0000-00000000000d', 'BTS 최고의 곡 중 하나!', 5.0, '2024-01-31 10:30:00', NULL),
                                                                                          ('40000000-0000-0000-0000-000000000011', 'a6eebc99-9c0b-4ef8-bb6d-6bb9bd380a77', '10000000-0000-0000-0000-00000000000e', '한국 현대사를 이해하는데 도움이 됩니다.', 4.5, '2024-02-01 15:20:00', NULL),
                                                                                          ('40000000-0000-0000-0000-000000000012', 'b7eebc99-9c0b-4ef8-bb6d-6bb9bd380a88', '10000000-0000-0000-0000-00000000000f', '긴장감 넘치는 전개가 인상적이에요.', 4.2, '2024-02-02 09:40:00', NULL),
                                                                                          ('40000000-0000-0000-0000-000000000013', 'a0eebc99-9c0b-4ef8-bb6d-6bb9bd380a11', '10000000-0000-0000-0000-000000000007', '전투기 장면이 압도적입니다.', 4.7, '2024-02-03 14:00:00', NULL),
                                                                                          ('40000000-0000-0000-0000-000000000014', 'b1eebc99-9c0b-4ef8-bb6d-6bb9bd380a22', '10000000-0000-0000-0000-000000000005', '디스토피아 소설의 걸작.', 4.8, '2024-02-04 11:30:00', NULL);

-- 6. Playlists 테이블 (8개의 플레이리스트)
INSERT INTO playlists (id, owner_id, title, description, created_at, updated_at) VALUES
                                                                                     ('50000000-0000-0000-0000-000000000001', 'a0eebc99-9c0b-4ef8-bb6d-6bb9bd380a11', '나의 SF 영화 컬렉션', 'SF 영화만 모아둔 리스트', '2024-02-01 10:00:00', '2024-02-01 10:00:00'),
                                                                                     ('50000000-0000-0000-0000-000000000002', 'b1eebc99-9c0b-4ef8-bb6d-6bb9bd380a22', 'K-POP 플레이리스트', '최신 K-POP 음악 모음', '2024-02-02 11:00:00', '2024-02-05 14:00:00'),
                                                                                     ('50000000-0000-0000-0000-000000000003', 'c2eebc99-9c0b-4ef8-bb6d-6bb9bd380a33', '필독 고전 문학', '꼭 읽어야 할 고전들', '2024-02-03 09:00:00', '2024-02-03 09:00:00'),
                                                                                     ('50000000-0000-0000-0000-000000000004', 'd3eebc99-9c0b-4ef8-bb6d-6bb9bd380a44', '한국 영화 베스트', '한국 영화 추천 리스트', '2024-02-04 13:00:00', '2024-02-10 16:00:00'),
                                                                                     ('50000000-0000-0000-0000-000000000005', 'e4eebc99-9c0b-4ef8-bb6d-6bb9bd380a55', '감성 발라드', '잔잔한 발라드 모음', '2024-02-05 15:00:00', '2024-02-05 15:00:00'),
                                                                                     ('50000000-0000-0000-0000-000000000006', 'f5eebc99-9c0b-4ef8-bb6d-6bb9bd380a66', '액션 영화 모음', '스릴 넘치는 액션 영화들', '2024-02-06 10:30:00', '2024-02-12 11:00:00'),
                                                                                     ('50000000-0000-0000-0000-000000000007', 'a6eebc99-9c0b-4ef8-bb6d-6bb9bd380a77', '판타지 소설', '판타지 장르 소설 컬렉션', '2024-02-07 14:20:00', '2024-02-07 14:20:00'),
                                                                                     ('50000000-0000-0000-0000-000000000008', 'b7eebc99-9c0b-4ef8-bb6d-6bb9bd380a88', '2024년 최고의 영화', '올해 개봉한 영화 중 베스트', '2024-02-08 16:00:00', '2024-02-15 10:00:00');

-- 7. Playlist_Contents 테이블 (플레이리스트-콘텐츠 관계)
INSERT INTO playlist_contents (id, playlist_id, content_id, created_at) VALUES
                                                                            ('60000000-0000-0000-0000-000000000001', '50000000-0000-0000-0000-000000000001', '10000000-0000-0000-0000-000000000001', '2024-02-01 10:05:00'),
                                                                            ('60000000-0000-0000-0000-000000000002', '50000000-0000-0000-0000-000000000001', '10000000-0000-0000-0000-000000000004', '2024-02-01 10:06:00'),
                                                                            ('60000000-0000-0000-0000-000000000003', '50000000-0000-0000-0000-000000000002', '10000000-0000-0000-0000-000000000003', '2024-02-02 11:10:00'),
                                                                            ('60000000-0000-0000-0000-000000000004', '50000000-0000-0000-0000-000000000002', '10000000-0000-0000-0000-000000000006', '2024-02-02 11:11:00'),
                                                                            ('60000000-0000-0000-0000-000000000005', '50000000-0000-0000-0000-000000000002', '10000000-0000-0000-0000-00000000000d', '2024-02-05 14:05:00'),
                                                                            ('60000000-0000-0000-0000-000000000006', '50000000-0000-0000-0000-000000000003', '10000000-0000-0000-0000-000000000005', '2024-02-03 09:10:00'),
                                                                            ('60000000-0000-0000-0000-000000000007', '50000000-0000-0000-0000-000000000003', '10000000-0000-0000-0000-000000000008', '2024-02-03 09:11:00'),
                                                                            ('60000000-0000-0000-0000-000000000008', '50000000-0000-0000-0000-000000000004', '10000000-0000-0000-0000-000000000002', '2024-02-04 13:10:00'),
                                                                            ('60000000-0000-0000-0000-000000000009', '50000000-0000-0000-0000-000000000004', '10000000-0000-0000-0000-00000000000a', '2024-02-04 13:11:00'),
                                                                            ('60000000-0000-0000-0000-00000000000a', '50000000-0000-0000-0000-000000000004', '10000000-0000-0000-0000-00000000000e', '2024-02-10 16:10:00'),
                                                                            ('60000000-0000-0000-0000-00000000000b', '50000000-0000-0000-0000-000000000005', '10000000-0000-0000-0000-000000000009', '2024-02-05 15:10:00'),
                                                                            ('60000000-0000-0000-0000-00000000000c', '50000000-0000-0000-0000-000000000006', '10000000-0000-0000-0000-000000000007', '2024-02-06 10:40:00'),
                                                                            ('60000000-0000-0000-0000-00000000000d', '50000000-0000-0000-0000-000000000006', '10000000-0000-0000-0000-00000000000a', '2024-02-06 10:41:00'),
                                                                            ('60000000-0000-0000-0000-00000000000e', '50000000-0000-0000-0000-000000000007', '10000000-0000-0000-0000-000000000008', '2024-02-07 14:30:00'),
                                                                            ('60000000-0000-0000-0000-00000000000f', '50000000-0000-0000-0000-000000000008', '10000000-0000-0000-0000-000000000002', '2024-02-08 16:10:00'),
                                                                            ('60000000-0000-0000-0000-000000000010', '50000000-0000-0000-0000-000000000008', '10000000-0000-0000-0000-00000000000c', '2024-02-08 16:11:00'),
                                                                            ('60000000-0000-0000-0000-000000000011', '50000000-0000-0000-0000-000000000008', '10000000-0000-0000-0000-00000000000e', '2024-02-15 10:10:00');

-- 8. Playlist_Subscriptions 테이블 (플레이리스트 구독)
INSERT INTO playlist_subscriptions (id, playlist_id, user_id, created_at) VALUES
                                                                              ('70000000-0000-0000-0000-000000000001', '50000000-0000-0000-0000-000000000001', 'b1eebc99-9c0b-4ef8-bb6d-6bb9bd380a22', '2024-02-03 09:00:00'),
                                                                              ('70000000-0000-0000-0000-000000000002', '50000000-0000-0000-0000-000000000001', 'c2eebc99-9c0b-4ef8-bb6d-6bb9bd380a33', '2024-02-04 10:00:00'),
                                                                              ('70000000-0000-0000-0000-000000000003', '50000000-0000-0000-0000-000000000002', 'a0eebc99-9c0b-4ef8-bb6d-6bb9bd380a11', '2024-02-05 11:00:00'),
                                                                              ('70000000-0000-0000-0000-000000000004', '50000000-0000-0000-0000-000000000002', 'd3eebc99-9c0b-4ef8-bb6d-6bb9bd380a44', '2024-02-06 12:00:00'),
                                                                              ('70000000-0000-0000-0000-000000000005', '50000000-0000-0000-0000-000000000003', 'e4eebc99-9c0b-4ef8-bb6d-6bb9bd380a55', '2024-02-07 13:00:00'),
                                                                              ('70000000-0000-0000-0000-000000000006', '50000000-0000-0000-0000-000000000004', 'f5eebc99-9c0b-4ef8-bb6d-6bb9bd380a66', '2024-02-08 14:00:00'),
                                                                              ('70000000-0000-0000-0000-000000000007', '50000000-0000-0000-0000-000000000004', 'a6eebc99-9c0b-4ef8-bb6d-6bb9bd380a77', '2024-02-09 15:00:00'),
                                                                              ('70000000-0000-0000-0000-000000000008', '50000000-0000-0000-0000-000000000006', 'b7eebc99-9c0b-4ef8-bb6d-6bb9bd380a88', '2024-02-10 16:00:00'),
                                                                              ('70000000-0000-0000-0000-000000000009', '50000000-0000-0000-0000-000000000008', 'd9eebc99-9c0b-4ef8-bb6d-6bb9bd380aaa', '2024-02-11 17:00:00'),
                                                                              ('70000000-0000-0000-0000-00000000000a', '50000000-0000-0000-0000-000000000008', 'a0eebc99-9c0b-4ef8-bb6d-6bb9bd380a11', '2024-02-12 18:00:00');

-- 9. Follows 테이블 (팔로우 관계)
INSERT INTO follows (id, follower_id, followee_id, created_at) VALUES
                                                                   ('80000000-0000-0000-0000-000000000001', 'a0eebc99-9c0b-4ef8-bb6d-6bb9bd380a11', 'b1eebc99-9c0b-4ef8-bb6d-6bb9bd380a22', '2024-02-01 10:00:00'),
                                                                   ('80000000-0000-0000-0000-000000000002', 'a0eebc99-9c0b-4ef8-bb6d-6bb9bd380a11', 'c2eebc99-9c0b-4ef8-bb6d-6bb9bd380a33', '2024-02-01 10:05:00'),
                                                                   ('80000000-0000-0000-0000-000000000003', 'b1eebc99-9c0b-4ef8-bb6d-6bb9bd380a22', 'a0eebc99-9c0b-4ef8-bb6d-6bb9bd380a11', '2024-02-02 11:00:00'),
                                                                   ('80000000-0000-0000-0000-000000000004', 'b1eebc99-9c0b-4ef8-bb6d-6bb9bd380a22', 'd3eebc99-9c0b-4ef8-bb6d-6bb9bd380a44', '2024-02-02 11:10:00'),
                                                                   ('80000000-0000-0000-0000-000000000005', 'c2eebc99-9c0b-4ef8-bb6d-6bb9bd380a33', 'e4eebc99-9c0b-4ef8-bb6d-6bb9bd380a55', '2024-02-03 09:00:00'),
                                                                   ('80000000-0000-0000-0000-000000000006', 'd3eebc99-9c0b-4ef8-bb6d-6bb9bd380a44', 'f5eebc99-9c0b-4ef8-bb6d-6bb9bd380a66', '2024-02-04 13:00:00'),
                                                                   ('80000000-0000-0000-0000-000000000007', 'e4eebc99-9c0b-4ef8-bb6d-6bb9bd380a55', 'a6eebc99-9c0b-4ef8-bb6d-6bb9bd380a77', '2024-02-05 15:00:00'),
                                                                   ('80000000-0000-0000-0000-000000000008', 'f5eebc99-9c0b-4ef8-bb6d-6bb9bd380a66', 'b7eebc99-9c0b-4ef8-bb6d-6bb9bd380a88', '2024-02-06 10:00:00'),
                                                                   ('80000000-0000-0000-0000-000000000009', 'a6eebc99-9c0b-4ef8-bb6d-6bb9bd380a77', 'd9eebc99-9c0b-4ef8-bb6d-6bb9bd380aaa', '2024-02-07 14:00:00'),
                                                                   ('80000000-0000-0000-0000-00000000000a', 'b7eebc99-9c0b-4ef8-bb6d-6bb9bd380a88', 'a0eebc99-9c0b-4ef8-bb6d-6bb9bd380a11', '2024-02-08 16:00:00'),
                                                                   ('80000000-0000-0000-0000-00000000000b', 'd9eebc99-9c0b-4ef8-bb6d-6bb9bd380aaa', 'c2eebc99-9c0b-4ef8-bb6d-6bb9bd380a33', '2024-02-09 12:00:00'),
                                                                   ('80000000-0000-0000-0000-00000000000c', 'a0eebc99-9c0b-4ef8-bb6d-6bb9bd380a11', 'e4eebc99-9c0b-4ef8-bb6d-6bb9bd380a55', '2024-02-10 08:00:00');

-- 10. Notifications 테이블 (알림)
INSERT INTO notifications (id, receiver_id, title, created_at, content, level, read_at) VALUES
                                                                                            ('90000000-0000-0000-0000-000000000001', 'a0eebc99-9c0b-4ef8-bb6d-6bb9bd380a11', '새로운 팔로워', '2024-02-02 11:05:00', '이영희님이 회원님을 팔로우하기 시작했습니다.', 'INFO', '2024-02-02 15:00:00'),
                                                                                            ('90000000-0000-0000-0000-000000000002', 'b1eebc99-9c0b-4ef8-bb6d-6bb9bd380a22', '플레이리스트 구독', '2024-02-05 11:05:00', '김철수님이 회원님의 플레이리스트를 구독했습니다.', 'INFO', NULL),
                                                                                            ('90000000-0000-0000-0000-000000000003', 'c2eebc99-9c0b-4ef8-bb6d-6bb9bd380a33', '새로운 팔로워', '2024-02-09 12:05:00', '한지민님이 회원님을 팔로우하기 시작했습니다.', 'INFO', '2024-02-09 13:00:00'),
                                                                                            ('90000000-0000-0000-0000-000000000004', 'd3eebc99-9c0b-4ef8-bb6d-6bb9bd380a44', '리뷰 알림', '2024-02-19 16:50:00', '회원님이 좋아하는 콘텐츠에 새로운 리뷰가 달렸습니다.', 'INFO', NULL),
                                                                                            ('90000000-0000-0000-0000-000000000005', 'e4eebc99-9c0b-4ef8-bb6d-6bb9bd380a55', '시스템 공지', '2024-02-20 09:00:00', '서비스 업데이트가 예정되어 있습니다.', 'WARNING', '2024-02-20 10:00:00'),
                                                                                            ('90000000-0000-0000-0000-000000000006', 'f5eebc99-9c0b-4ef8-bb6d-6bb9bd380a66', '새로운 팔로워', '2024-02-04 13:05:00', '최지연님이 회원님을 팔로우하기 시작했습니다.', 'INFO', NULL),
                                                                                            ('90000000-0000-0000-0000-000000000007', 'a6eebc99-9c0b-4ef8-bb6d-6bb9bd380a77', '플레이리스트 업데이트', '2024-02-21 14:00:00', '구독 중인 플레이리스트에 새로운 콘텐츠가 추가되었습니다.', 'INFO', '2024-02-21 15:00:00'),
                                                                                            ('90000000-0000-0000-0000-000000000008', 'b7eebc99-9c0b-4ef8-bb6d-6bb9bd380a88', '새로운 팔로워', '2024-02-06 10:05:00', '강서연님이 회원님을 팔로우하기 시작했습니다.', 'INFO', NULL),
                                                                                            ('90000000-0000-0000-0000-000000000009', 'd9eebc99-9c0b-4ef8-bb6d-6bb9bd380aaa', '중요 공지', '2024-02-22 10:00:00', '보안 업데이트를 진행해주세요.', 'URGENT', NULL),
                                                                                            ('90000000-0000-0000-0000-00000000000a', 'a0eebc99-9c0b-4ef8-bb6d-6bb9bd380a11', '플레이리스트 구독', '2024-02-12 18:05:00', '한지민님이 회원님의 플레이리스트를 구독했습니다.', 'INFO', '2024-02-13 09:00:00');

-- 11. Conversations 테이블 (대화방 - last_message_id는 나중에 업데이트)
INSERT INTO conversations (id, created_at, last_message_id) VALUES
                                                                ('a1000000-0000-0000-0000-000000000001', '2024-02-10 10:00:00', NULL),
                                                                ('a1000000-0000-0000-0000-000000000002', '2024-02-11 11:00:00', NULL),
                                                                ('a1000000-0000-0000-0000-000000000003', '2024-02-12 12:00:00', NULL),
                                                                ('a1000000-0000-0000-0000-000000000004', '2024-02-13 13:00:00', NULL);

-- 12. Conversation_Participants 테이블 (대화 참여자)
INSERT INTO conversation_participants (id, created_at, user_id, conversation_id, last_read_at) VALUES
                                                                                                   ('b1000000-0000-0000-0000-000000000001', '2024-02-10 10:00:00', 'a0eebc99-9c0b-4ef8-bb6d-6bb9bd380a11', 'a1000000-0000-0000-0000-000000000001', '2024-02-10 14:30:00'),
                                                                                                   ('b1000000-0000-0000-0000-000000000002', '2024-02-10 10:00:00', 'b1eebc99-9c0b-4ef8-bb6d-6bb9bd380a22', 'a1000000-0000-0000-0000-000000000001', '2024-02-10 14:20:00'),
                                                                                                   ('b1000000-0000-0000-0000-000000000003', '2024-02-11 11:00:00', 'c2eebc99-9c0b-4ef8-bb6d-6bb9bd380a33', 'a1000000-0000-0000-0000-000000000002', '2024-02-11 16:00:00'),
                                                                                                   ('b1000000-0000-0000-0000-000000000004', '2024-02-11 11:00:00', 'd3eebc99-9c0b-4ef8-bb6d-6bb9bd380a44', 'a1000000-0000-0000-0000-000000000002', '2024-02-11 15:30:00'),
                                                                                                   ('b1000000-0000-0000-0000-000000000005', '2024-02-12 12:00:00', 'e4eebc99-9c0b-4ef8-bb6d-6bb9bd380a55', 'a1000000-0000-0000-0000-000000000003', '2024-02-12 18:00:00'),
                                                                                                   ('b1000000-0000-0000-0000-000000000006', '2024-02-12 12:00:00', 'f5eebc99-9c0b-4ef8-bb6d-6bb9bd380a66', 'a1000000-0000-0000-0000-000000000003', NULL),
                                                                                                   ('b1000000-0000-0000-0000-000000000007', '2024-02-13 13:00:00', 'a6eebc99-9c0b-4ef8-bb6d-6bb9bd380a77', 'a1000000-0000-0000-0000-000000000004', '2024-02-13 17:00:00'),
                                                                                                   ('b1000000-0000-0000-0000-000000000008', '2024-02-13 13:00:00', 'b7eebc99-9c0b-4ef8-bb6d-6bb9bd380a88', 'a1000000-0000-0000-0000-000000000004', '2024-02-13 17:10:00');

-- 13. Direct_Messages 테이블 (다이렉트 메시지)
INSERT INTO direct_messages (id, conversation_id, sender_id, content, created_at, read_at) VALUES
                                                                                               ('c1000000-0000-0000-0000-000000000001', 'a1000000-0000-0000-0000-000000000001', 'a0eebc99-9c0b-4ef8-bb6d-6bb9bd380a11', '안녕하세요! 혹시 SF 영화 좋아하세요?', '2024-02-10 10:05:00', '2024-02-10 10:10:00'),
                                                                                               ('c1000000-0000-0000-0000-000000000002', 'a1000000-0000-0000-0000-000000000001', 'b1eebc99-9c0b-4ef8-bb6d-6bb9bd380a22', '네! 인터스텔라 정말 좋아해요.', '2024-02-10 10:15:00', '2024-02-10 10:20:00'),
                                                                                               ('c1000000-0000-0000-0000-000000000003', 'a1000000-0000-0000-0000-000000000001', 'a0eebc99-9c0b-4ef8-bb6d-6bb9bd380a11', '저도요! 제 플레이리스트에 추가해뒀어요.', '2024-02-10 10:25:00', '2024-02-10 10:30:00'),
                                                                                               ('c1000000-0000-0000-0000-000000000004', 'a1000000-0000-0000-0000-000000000001', 'b1eebc99-9c0b-4ef8-bb6d-6bb9bd380a22', '저도 구독할게요!', '2024-02-10 14:15:00', '2024-02-10 14:20:00'),
                                                                                               ('c1000000-0000-0000-0000-000000000005', 'a1000000-0000-0000-0000-000000000002', 'c2eebc99-9c0b-4ef8-bb6d-6bb9bd380a33', '기생충 보셨어요?', '2024-02-11 11:10:00', '2024-02-11 11:15:00'),
                                                                                               ('c1000000-0000-0000-0000-000000000006', 'a1000000-0000-0000-0000-000000000002', 'd3eebc99-9c0b-4ef8-bb6d-6bb9bd380a44', '네, 정말 명작이더라고요!', '2024-02-11 11:20:00', '2024-02-11 11:25:00'),
                                                                                               ('c1000000-0000-0000-0000-000000000007', 'a1000000-0000-0000-0000-000000000002', 'c2eebc99-9c0b-4ef8-bb6d-6bb9bd380a33', '한국 영화 플레이리스트 만들려고요.', '2024-02-11 15:00:00', '2024-02-11 15:30:00'),
                                                                                               ('c1000000-0000-0000-0000-000000000008', 'a1000000-0000-0000-0000-000000000003', 'e4eebc99-9c0b-4ef8-bb6d-6bb9bd380a55', 'K-POP 추천 좀 해주세요!', '2024-02-12 12:10:00', NULL),
                                                                                               ('c1000000-0000-0000-0000-000000000009', 'a1000000-0000-0000-0000-000000000003', 'f5eebc99-9c0b-4ef8-bb6d-6bb9bd380a66', '블랙핑크나 뉴진스 어때요?', '2024-02-12 12:20:00', NULL),
                                                                                               ('c1000000-0000-0000-0000-00000000000a', 'a1000000-0000-0000-0000-000000000003', 'e4eebc99-9c0b-4ef8-bb6d-6bb9bd380a55', '좋아요! 들어볼게요.', '2024-02-12 17:30:00', NULL),
                                                                                               ('c1000000-0000-0000-0000-00000000000b', 'a1000000-0000-0000-0000-000000000004', 'a6eebc99-9c0b-4ef8-bb6d-6bb9bd380a77', '해리포터 다시 읽고 있어요.', '2024-02-13 13:15:00', '2024-02-13 13:20:00'),
                                                                                               ('c1000000-0000-0000-0000-00000000000c', 'a1000000-0000-0000-0000-000000000004', 'b7eebc99-9c0b-4ef8-bb6d-6bb9bd380a88', '저도 어렸을 때 읽었는데, 다시 읽고 싶네요.', '2024-02-13 17:00:00', '2024-02-13 17:10:00');

-- 14. Conversations 테이블의 last_message_id 업데이트
UPDATE conversations SET last_message_id = 'c1000000-0000-0000-0000-000000000004' WHERE id = 'a1000000-0000-0000-0000-000000000001';
UPDATE conversations SET last_message_id = 'c1000000-0000-0000-0000-000000000007' WHERE id = 'a1000000-0000-0000-0000-000000000002';
UPDATE conversations SET last_message_id = 'c1000000-0000-0000-0000-00000000000a' WHERE id = 'a1000000-0000-0000-0000-000000000003';
UPDATE conversations SET last_message_id = 'c1000000-0000-0000-0000-00000000000c' WHERE id = 'a1000000-0000-0000-0000-000000000004';

-- 데이터 확인 쿼리
SELECT 'Users' as table_name, COUNT(*) as count FROM users
UNION ALL
SELECT 'Contents', COUNT(*) FROM contents
UNION ALL
SELECT 'Tags', COUNT(*) FROM tags
UNION ALL
SELECT 'Content_Tags', COUNT(*) FROM content_tags
UNION ALL
SELECT 'Reviews', COUNT(*) FROM reviews
UNION ALL
SELECT 'Playlists', COUNT(*) FROM playlists
UNION ALL
SELECT 'Playlist_Contents', COUNT(*) FROM playlist_contents
UNION ALL
SELECT 'Playlist_Subscriptions', COUNT(*) FROM playlist_subscriptions
UNION ALL
SELECT 'Follows', COUNT(*) FROM follows
UNION ALL
SELECT 'Notifications', COUNT(*) FROM notifications
UNION ALL
SELECT 'Conversations', COUNT(*) FROM conversations
UNION ALL
SELECT 'Conversation_Participants', COUNT(*) FROM conversation_participants
UNION ALL
SELECT 'Direct_Messages', COUNT(*) FROM direct_messages;